vendor_id,vendor_name,vendor_type,data_access,soc2_expiry,iso27001_expiry,breach_status,risk_score,annual_spend,contract_start,contract_end,financial_rating,gdpr_dpa,breach_history,investigation_status,active_access,known_vendor_count,issues,recommendation
VND-0001,CyberBackup Solutions,Backup,Backup_Database,2027-06-21,2027-06-21,False,10,127500,2025-06-20,2026-12-19,A-,False,Jan 2024: Unencrypted backups exposed,False,True,400,Recent breach; SOC 2 expires in 60 days; Missing GDPR DPA; Backup database access,Schedule urgent compliance meeting; consider alternative vendor
VND-0002,LegacyIntegration Corp,Integration,Financial,2027-06-23,2027-06-23,False,75,165000,2025-06-19,2026-12-20,C,True,,False,True,400,Financial rating C; no SOC 2; contract SLA vague on breach notification; read-only access not enforced,Renegotiate contract terms or replacement
VND-0003,DevOps Contractor Team,Contractor,Database,2027-06-24,2027-06-24,False,69,202500,2025-06-18,2026-06-08,B,True,,False,True,400,Individual contractor access; background check due; contract ended while access remains active,Extend access review; contract renewal decision
VND-0004,SolarWinds,MSP,Database,2027-06-25,2027-06-25,True,95,240000,2025-06-17,2026-12-22,C,True,Recent supply-chain compromise detected,False,True,400,Recent breach; privileged infrastructure access; weak financial outlook,Trigger incident response playbook and executive review
VND-0005,Kaseya,MSP,PII,2027-06-26,2027-06-26,False,92,277500,2025-06-16,2026-12-23,C,True,Security investigation opened by customer assurance team,True,True,400,Vendor under active investigation; MSP access; sensitive customer data,Freeze scope expansion until investigation closes
VND-0006,Backup Partner 006,Backup,Financial,2027-06-27,2027-06-27,False,90,315000,2025-06-15,2026-12-24,C,True,,True,True,400,,
VND-0007,HR Partner 007,HR,Database,2027-06-28,2027-06-28,False,82,352500,2025-06-14,2026-12-25,B,True,,False,True,400,,
VND-0008,Cloud Partner 008,Cloud,PII,2026-05-29,2027-06-29,False,74,390000,2025-06-13,2026-12-26,B,False,,False,True,400,,
VND-0009,Payment Partner 009,Payment,PII,2027-06-30,2027-06-30,True,88,427500,2025-06-12,2026-12-27,C,True,Incident disclosed in last 12 months,False,True,400,,
VND-0010,MSP Partner 010,MSP,Financial,2027-07-01,2027-07-01,False,87,465000,2025-06-11,2026-12-28,C,True,,True,True,400,,
VND-0011,Integration Partner 011,Integration,Database,2027-07-02,2027-07-02,False,86,502500,2025-06-10,2026-12-29,B,False,,False,True,400,,
VND-0012,Security Partner 012,Security,PII,2026-05-25,2027-07-03,False,78,540000,2025-06-09,2026-12-30,B,False,,False,True,400,,
VND-0013,Contractor Partner 013,Contractor,PII,2027-07-04,2027-07-04,True,92,577500,2025-06-08,2026-12-31,C,True,Incident disclosed in last 12 months,False,True,400,,
VND-0014,Backup Partner 014,Backup,Financial,2027-07-05,2027-07-05,False,84,615000,2025-06-07,2027-01-01,C,True,,True,True,400,,
VND-0015,HR Partner 015,HR,Database,2027-07-06,2027-07-06,False,83,652500,2025-06-06,2027-01-02,B,True,,False,True,400,,
VND-0016,Cloud Partner 016,Cloud,PII,2026-05-21,2027-07-07,False,75,690000,2025-06-05,2027-01-03,B,False,,False,True,400,,
VND-0017,Payment Partner 017,Payment,PII,2027-07-08,2027-07-08,True,89,727500,2025-06-04,2027-01-04,C,True,Incident disclosed in last 12 months,False,True,400,,
VND-0018,MSP Partner 018,MSP,Financial,2027-07-09,2027-07-09,False,88,765000,2025-06-03,2027-01-05,C,True,,True,True,400,,
VND-0019,Integration Partner 019,Integration,Database,2027-07-10,2027-07-10,False,87,802500,2025-06-02,2027-01-06,B,True,,False,True,400,,
VND-0020,Security Partner 020,Security,PII,2026-05-17,2027-07-11,False,79,840000,2025-06-01,2027-01-07,B,False,,False,True,400,,
VND-0021,Contractor Partner 021,Contractor,PII,2027-07-12,2027-07-12,True,86,877500,2025-05-31,2027-01-08,C,True,Incident disclosed in last 12 months,False,True,400,,
VND-0022,Backup Partner 022,Backup,Financial,2027-07-13,2027-07-13,False,85,915000,2025-05-30,2027-01-09,C,False,,True,True,400,,
VND-0023,HR Partner 023,HR,Database,2027-07-14,2027-07-14,False,84,952500,2025-05-29,2027-01-10,B,True,,False,True,400,,
VND-0024,Cloud Partner 024,Cloud,PII,2026-05-13,2027-07-15,False,76,990000,2025-05-28,2027-01-11,B,False,,False,True,400,,
VND-0025,Payment Partner 025,Payment,PII,2027-07-16,2027-07-16,True,90,1027500,2025-05-27,2027-01-12,C,True,Incident disclosed in last 12 months,False,True,400,,
VND-0026,MSP Partner 026,MSP,Financial,2027-07-17,2027-07-17,False,89,1065000,2025-05-26,2027-01-13,C,True,,True,True,400,,
VND-0027,Integration Partner 027,Integration,Database,2027-07-18,2027-07-18,False,88,1102500,2025-05-25,2027-01-14,B,True,,False,True,400,,
VND-0028,Security Partner 028,Security,PII,2026-05-09,2027-07-19,False,73,1140000,2025-05-24,2027-01-15,B,False,,False,True,400,,
VND-0029,Contractor Partner 029,Contractor,PII,2027-07-20,2027-07-20,True,87,1177500,2025-05-23,2027-01-16,C,True,Incident disclosed in last 12 months,False,True,400,,
VND-0030,Backup Partner 030,Backup,Financial,2027-07-21,2027-07-21,False,86,1215000,2025-05-22,2027-01-17,C,True,,True,True,400,,
VND-0031,HR Partner 031,HR,Database,2027-07-22,2027-07-22,False,85,1252500,2025-05-21,2027-01-18,B,True,,False,True,400,,
VND-0032,Cloud Partner 032,Cloud,PII,2026-05-05,2027-07-23,False,77,1290000,2025-05-20,2027-01-19,B,False,,False,True,400,,
VND-0033,Payment Partner 033,Payment,PII,2027-07-24,2027-07-24,True,91,1327500,2025-05-19,2027-01-20,C,False,Incident disclosed in last 12 months,False,True,400,,
VND-0034,MSP Partner 034,MSP,Financial,2027-07-25,2027-07-25,False,90,1365000,2025-05-18,2027-01-21,C,True,,True,True,400,,
VND-0035,Integration Partner 035,Integration,Database,2027-07-26,2027-07-26,False,82,1402500,2025-05-17,2027-01-22,B,True,,False,True,400,,
VND-0036,Security Partner 036,Security,PII,2026-05-01,2027-07-27,False,74,1440000,2025-05-16,2027-01-23,B,False,,False,True,400,,
VND-0037,Contractor Partner 037,Contractor,PII,2027-07-28,2027-07-28,True,88,1477500,2025-05-15,2027-01-24,C,True,Incident disclosed in last 12 months,False,True,400,,
VND-0038,Backup Partner 038,Backup,Financial,2027-07-29,2027-07-29,False,87,1515000,2025-05-14,2027-01-25,C,True,,True,True,400,,
VND-0039,HR Partner 039,HR,Database,2027-07-30,2027-07-30,False,86,1552500,2025-05-13,2027-01-26,B,True,,False,True,400,,
VND-0040,Cloud Partner 040,Cloud,PII,2026-04-27,2027-07-31,False,78,1590000,2025-05-12,2027-01-27,B,False,,False,True,400,,
VND-0041,Payment Partner 041,Payment,PII,2027-08-01,2027-08-01,True,92,1627500,2025-05-11,2027-01-28,C,True,Incident disclosed in last 12 months,False,True,400,,
VND-0042,MSP Partner 042,MSP,Financial,2027-08-02,2027-08-02,False,84,1665000,2025-05-10,2027-01-29,C,True,,True,True,400,,
VND-0043,Integration Partner 043,Integration,Database,2027-08-03,2027-08-03,False,83,1702500,2025-05-09,2027-01-30,B,True,,False,True,400,,
VND-0044,Security Partner 044,Security,PII,2026-04-23,2027-08-04,False,75,1740000,2025-05-08,2027-01-31,B,False,,False,True,400,,
VND-0045,Contractor Partner 045,Contractor,PII,2027-08-05,2027-08-05,True,89,1777500,2025-05-07,2027-02-01,C,True,Incident disclosed in last 12 months,False,True,400,,
VND-0046,Backup Partner 046,Backup,Financial,2027-08-06,2027-08-06,False,88,1815000,2025-05-06,2027-02-02,C,True,,True,True,400,,
VND-0047,HR Partner 047,HR,Database,2027-08-07,2027-08-07,False,87,1852500,2025-05-05,2027-02-03,B,True,,False,True,400,,
VND-0048,Cloud Partner 048,Cloud,PII,2026-04-19,2027-08-08,False,79,1890000,2025-05-04,2027-02-04,B,False,,False,True,400,,
VND-0049,Payment Partner 049,Payment,PII,2027-08-09,2027-08-09,True,86,1927500,2025-05-03,2027-02-05,C,True,Incident disclosed in last 12 months,False,True,400,,
VND-0050,MSP Partner 050,MSP,Financial,2027-08-10,2027-08-10,False,85,1965000,2025-05-02,2027-02-06,C,True,,True,True,400,,
VND-0051,Integration Partner 051,Integration,Database,2027-08-11,2027-08-11,False,84,2002500,2025-05-01,2027-02-07,B,True,,False,True,400,,
VND-0052,Security Partner 052,Security,PII,2026-04-15,2027-08-12,False,76,2040000,2025-04-30,2027-02-08,B,False,,False,True,400,,
VND-0053,Contractor Partner 053,Contractor,PII,2027-08-13,2027-08-13,True,90,2077500,2025-04-29,2027-02-09,C,True,Incident disclosed in last 12 months,False,True,400,,
VND-0054,Backup Partner 054,Backup,Financial,2027-08-14,2027-08-14,False,89,2115000,2025-04-28,2027-02-10,C,True,,True,True,400,,
VND-0055,HR Partner 055,HR,Database,2027-08-15,2027-08-15,False,88,2152500,2025-04-27,2027-02-11,B,False,,False,True,400,,
VND-0056,Cloud Partner 056,Cloud,PII,2026-04-11,2027-08-16,False,73,2190000,2025-04-26,2027-02-12,B,False,,False,True,400,,
VND-0057,Payment Partner 057,Payment,PII,2027-08-17,2027-08-17,True,87,2227500,2025-04-25,2027-02-13,C,True,Incident disclosed in last 12 months,False,True,400,,
VND-0058,MSP Partner 058,MSP,Financial,2027-08-18,2027-08-18,False,86,2265000,2025-04-24,2027-02-14,C,True,,True,True,400,,
VND-0059,Integration Partner 059,Integration,Database,2027-08-19,2027-08-19,False,85,2302500,2025-04-23,2027-02-15,B,True,,False,True,400,,
VND-0060,Security Partner 060,Security,PII,2026-06-06,2027-08-20,False,77,2340000,2025-04-22,2027-02-16,B,False,,False,True,400,,
VND-0061,Contractor Partner 061,Contractor,ReadOnly,2027-08-21,2027-08-21,True,66,2377500,2025-04-21,2027-02-17,B,True,Incident disclosed in last 12 months,False,True,400,,
VND-0062,Backup Partner 062,Backup,Database,2027-08-22,2027-08-22,False,64,2415000,2025-04-20,2026-05-25,B,True,,False,True,400,,
VND-0063,HR Partner 063,HR,Employee,2026-07-24,2027-08-23,False,67,2452500,2025-04-19,2027-02-19,A-,True,,False,True,400,,
VND-0064,Cloud Partner 064,Cloud,ReadOnly,2027-08-24,2027-08-24,True,62,2490000,2025-04-18,2027-02-20,B,True,Incident disclosed in last 12 months,False,True,400,,
VND-0065,Payment Partner 065,Payment,Database,2027-08-25,2027-08-25,False,60,2527500,2025-04-17,2026-05-22,B,True,,False,True,400,,
VND-0066,MSP Partner 066,MSP,Employee,2026-07-27,2027-08-26,False,70,2565000,2025-04-16,2027-02-22,A-,False,,False,True,400,,
VND-0067,Integration Partner 067,Integration,ReadOnly,2027-08-27,2027-08-27,True,65,2602500,2025-04-15,2027-02-23,B,True,Incident disclosed in last 12 months,False,True,400,,
VND-0068,Security Partner 068,Security,Database,2027-08-28,2027-08-28,False,63,2640000,2025-04-14,2026-05-19,B,True,,False,True,400,,
VND-0069,Contractor Partner 069,Contractor,Employee,2026-07-30,2027-08-29,False,73,2677500,2025-04-13,2027-02-25,A-,True,,False,True,400,,
VND-0070,Backup Partner 070,Backup,ReadOnly,2027-08-30,2027-08-30,True,61,2715000,2025-04-12,2027-02-26,B,True,Incident disclosed in last 12 months,False,True,400,,
VND-0071,HR Partner 071,HR,Database,2027-08-31,2027-08-31,False,59,2752500,2025-04-11,2026-05-16,B,True,,False,True,400,,
VND-0072,Cloud Partner 072,Cloud,Employee,2026-08-02,2027-09-01,False,69,2790000,2025-04-10,2027-02-28,A-,True,,False,True,400,,
VND-0073,Payment Partner 073,Payment,ReadOnly,2027-09-02,2027-09-02,True,64,2827500,2025-04-09,2027-03-01,B,True,Incident disclosed in last 12 months,False,True,400,,
VND-0074,MSP Partner 074,MSP,Database,2027-09-03,2027-09-03,False,62,2865000,2025-04-08,2026-05-13,B,True,,False,True,400,,
VND-0075,Integration Partner 075,Integration,Employee,2026-08-05,2027-09-04,False,72,2902500,2025-04-07,2027-03-03,A-,True,,False,True,400,,
VND-0076,Security Partner 076,Security,ReadOnly,2027-09-05,2027-09-05,True,67,2940000,2025-04-06,2027-03-04,B,True,Incident disclosed in last 12 months,False,True,400,,
VND-0077,Contractor Partner 077,Contractor,Database,2027-09-06,2027-09-06,False,58,2977500,2025-04-05,2026-05-10,B,False,,False,True,400,,
VND-0078,Backup Partner 078,Backup,Employee,2026-08-08,2027-09-07,False,68,3015000,2025-04-04,2027-03-06,A-,True,,False,True,400,,
VND-0079,HR Partner 079,HR,ReadOnly,2027-09-08,2027-09-08,True,63,3052500,2025-04-03,2027-03-07,B,True,Incident disclosed in last 12 months,False,True,400,,
VND-0080,Cloud Partner 080,Cloud,Database,2027-09-09,2027-09-09,False,61,3090000,2025-04-02,2026-05-07,B,True,,False,True,400,,
VND-0081,Payment Partner 081,Payment,Employee,2026-08-11,2027-09-10,False,71,3127500,2025-04-01,2027-03-09,A-,True,,False,True,400,,
VND-0082,MSP Partner 082,MSP,ReadOnly,2027-09-11,2027-09-11,True,66,3165000,2025-03-31,2027-03-10,B,True,Incident disclosed in last 12 months,False,True,400,,
VND-0083,Integration Partner 083,Integration,Database,2027-09-12,2027-09-12,False,64,3202500,2025-03-30,2026-05-04,B,True,,False,True,400,,
VND-0084,Security Partner 084,Security,Employee,2026-08-14,2027-09-13,False,67,3240000,2025-03-29,2027-03-12,A-,True,,False,True,400,,
VND-0085,Contractor Partner 085,Contractor,ReadOnly,2027-09-14,2027-09-14,True,62,3277500,2025-03-28,2027-03-13,B,True,Incident disclosed in last 12 months,False,True,400,,
VND-0086,Backup Partner 086,Backup,Database,2027-09-15,2027-09-15,False,60,115000,2025-03-27,2026-05-01,B,True,,False,True,400,,
VND-0087,HR Partner 087,HR,Employee,2026-08-17,2027-09-16,False,70,152500,2025-03-26,2027-03-15,A-,True,,False,True,400,,
VND-0088,Cloud Partner 088,Cloud,ReadOnly,2027-09-17,2027-09-17,True,65,190000,2025-03-25,2027-03-16,B,False,Incident disclosed in last 12 months,False,True,400,,
VND-0089,Payment Partner 089,Payment,Database,2027-09-18,2027-09-18,False,63,227500,2025-03-24,2026-04-28,B,True,,False,True,400,,
VND-0090,MSP Partner 090,MSP,Employee,2026-07-21,2027-09-19,False,73,265000,2025-03-23,2027-03-18,A-,True,,False,True,400,,
VND-0091,Integration Partner 091,Integration,ReadOnly,2027-09-20,2027-09-20,True,61,302500,2025-03-22,2027-03-19,B,True,Incident disclosed in last 12 months,False,True,400,,
VND-0092,Security Partner 092,Security,Database,2027-09-21,2027-09-21,False,59,340000,2025-03-21,2026-06-09,B,True,,False,True,400,,
VND-0093,Contractor Partner 093,Contractor,Employee,2026-07-24,2027-09-22,False,69,377500,2025-03-20,2027-03-21,A-,True,,False,True,400,,
VND-0094,Backup Partner 094,Backup,ReadOnly,2027-09-23,2027-09-23,True,64,415000,2025-03-19,2027-03-22,B,True,Incident disclosed in last 12 months,False,True,400,,
VND-0095,HR Partner 095,HR,Database,2027-09-24,2027-09-24,False,62,452500,2025-03-18,2026-06-06,B,True,,False,True,400,,
VND-0096,Cloud Partner 096,Cloud,Employee,2026-07-27,2027-09-25,False,72,490000,2025-03-17,2027-03-24,A-,True,,False,True,400,,
VND-0097,Payment Partner 097,Payment,ReadOnly,2027-09-26,2027-09-26,True,67,527500,2025-03-16,2027-03-25,B,True,Incident disclosed in last 12 months,False,True,400,,
VND-0098,MSP Partner 098,MSP,Database,2027-09-27,2027-09-27,False,58,565000,2025-03-15,2026-06-03,B,True,,False,True,400,,
VND-0099,Integration Partner 099,Integration,Employee,2026-07-30,2027-09-28,False,68,602500,2025-03-14,2027-03-27,A-,False,,False,True,400,,
VND-0100,Security Partner 100,Security,ReadOnly,2027-09-29,2027-09-29,True,63,640000,2025-03-13,2027-03-28,B,True,Incident disclosed in last 12 months,False,True,400,,
VND-0101,Contractor Partner 101,Contractor,Database,2027-09-30,2027-09-30,False,61,677500,2025-03-12,2026-05-31,B,True,,False,True,400,,
VND-0102,Backup Partner 102,Backup,Employee,2026-08-02,2027-10-01,False,71,715000,2025-03-11,2027-03-30,A-,True,,False,True,400,,
VND-0103,HR Partner 103,HR,ReadOnly,2027-10-02,2027-10-02,True,66,752500,2025-03-10,2027-03-31,B,True,Incident disclosed in last 12 months,False,True,400,,
VND-0104,Cloud Partner 104,Cloud,Database,2027-10-03,2027-10-03,False,64,790000,2025-03-09,2026-05-28,B,True,,False,True,400,,
VND-0105,Payment Partner 105,Payment,Employee,2026-08-05,2027-10-04,False,67,827500,2025-03-08,2027-04-02,A-,True,,False,True,400,,
VND-0106,MSP Partner 106,MSP,ReadOnly,2027-10-05,2027-10-05,True,62,865000,2025-03-07,2027-04-03,B,True,Incident disclosed in last 12 months,False,True,400,,
VND-0107,Integration Partner 107,Integration,Database,2027-10-06,2027-10-06,False,60,902500,2025-03-06,2026-05-25,B,True,,False,True,400,,
VND-0108,Security Partner 108,Security,Employee,2026-08-08,2027-10-07,False,70,940000,2025-03-05,2027-04-05,A-,True,,False,True,400,,
VND-0109,Contractor Partner 109,Contractor,ReadOnly,2027-10-08,2027-10-08,True,65,977500,2025-03-04,2027-04-06,B,True,Incident disclosed in last 12 months,False,True,400,,
VND-0110,Backup Partner 110,Backup,Database,2027-10-09,2027-10-09,False,63,1015000,2025-03-03,2026-05-22,B,False,,False,True,400,,
VND-0111,HR Partner 111,HR,Employee,2026-08-11,2027-10-10,False,73,1052500,2025-03-02,2027-04-08,A-,True,,False,True,400,,
VND-0112,Cloud Partner 112,Cloud,ReadOnly,2027-10-11,2027-10-11,True,61,1090000,2025-03-01,2027-04-09,B,True,Incident disclosed in last 12 months,False,True,400,,
VND-0113,Payment Partner 113,Payment,Database,2027-10-12,2027-10-12,False,59,1127500,2025-02-28,2026-05-19,B,True,,False,True,400,,
VND-0114,MSP Partner 114,MSP,Employee,2026-08-14,2027-10-13,False,69,1165000,2025-02-27,2027-04-11,A-,True,,False,True,400,,
VND-0115,Integration Partner 115,Integration,ReadOnly,2027-10-14,2027-10-14,True,64,1202500,2025-02-26,2027-04-12,B,True,Incident disclosed in last 12 months,False,True,400,,
VND-0116,Security Partner 116,Security,Database,2027-10-15,2027-10-15,False,62,1240000,2025-02-25,2026-05-16,B,True,,False,True,400,,
VND-0117,Contractor Partner 117,Contractor,Employee,2026-08-17,2027-10-16,False,72,1277500,2025-02-24,2027-04-14,A-,True,,False,True,400,,
VND-0118,Backup Partner 118,Backup,ReadOnly,2027-10-17,2027-10-17,True,67,1315000,2025-02-23,2027-04-15,B,True,Incident disclosed in last 12 months,False,True,400,,
VND-0119,HR Partner 119,HR,Database,2027-10-18,2027-10-18,False,58,1352500,2025-02-22,2026-05-13,B,True,,False,True,400,,
VND-0120,Cloud Partner 120,Cloud,Employee,2026-07-21,2027-06-21,False,68,1390000,2025-06-21,2027-04-17,A-,True,,False,True,400,,
VND-0121,Payment Partner 121,Payment,ReadOnly,2027-06-22,2027-06-22,True,63,1427500,2025-06-20,2027-04-18,B,False,Incident disclosed in last 12 months,False,True,400,,
VND-0122,MSP Partner 122,MSP,Database,2027-06-23,2027-06-23,False,61,1465000,2025-06-19,2026-05-10,B,True,,False,True,400,,
VND-0123,Integration Partner 123,Integration,Employee,2026-07-24,2027-06-24,False,71,1502500,2025-06-18,2027-04-20,A-,True,,False,True,400,,
VND-0124,Security Partner 124,Security,ReadOnly,2027-06-25,2027-06-25,True,66,1540000,2025-06-17,2027-04-21,B,True,Incident disclosed in last 12 months,False,True,400,,
VND-0125,Contractor Partner 125,Contractor,Database,2027-06-26,2027-06-26,False,64,1577500,2025-06-16,2026-05-07,B,True,,False,True,400,,
VND-0126,Backup Partner 126,Backup,Employee,2026-07-27,2027-06-27,False,67,1615000,2025-06-15,2027-04-23,A-,True,,False,True,400,,
VND-0127,HR Partner 127,HR,ReadOnly,2027-06-28,2027-06-28,True,62,1652500,2025-06-14,2027-04-24,B,True,Incident disclosed in last 12 months,False,True,400,,
VND-0128,Cloud Partner 128,Cloud,Database,2027-06-29,2027-06-29,False,60,1690000,2025-06-13,2026-05-04,B,True,,False,True,400,,
VND-0129,Payment Partner 129,Payment,Employee,2026-07-30,2027-06-30,False,70,1727500,2025-06-12,2027-04-26,A-,True,,False,True,400,,
VND-0130,MSP Partner 130,MSP,ReadOnly,2027-07-01,2027-07-01,True,65,1765000,2025-06-11,2027-04-27,B,True,Incident disclosed in last 12 months,False,True,400,,
VND-0131,Integration Partner 131,Integration,Database,2027-07-02,2027-07-02,False,63,1802500,2025-06-10,2026-05-01,B,True,,False,True,400,,
VND-0132,Security Partner 132,Security,Employee,2026-08-02,2027-07-03,False,73,1840000,2025-06-09,2027-04-29,A-,False,,False,True,400,,
VND-0133,Contractor Partner 133,Contractor,ReadOnly,2027-07-04,2027-07-04,True,61,1877500,2025-06-08,2027-04-30,B,True,Incident disclosed in last 12 months,False,True,400,,
VND-0134,Backup Partner 134,Backup,Database,2027-07-05,2027-07-05,False,59,1915000,2025-06-07,2026-04-28,B,True,,False,True,400,,
VND-0135,HR Partner 135,HR,Employee,2026-08-05,2027-07-06,False,69,1952500,2025-06-06,2027-05-02,A-,True,,False,True,400,,
VND-0136,Cloud Partner 136,Cloud,ReadOnly,2027-07-07,2027-07-07,True,64,1990000,2025-06-05,2027-05-03,B,True,Incident disclosed in last 12 months,False,True,400,,
VND-0137,Payment Partner 137,Payment,Database,2027-07-08,2027-07-08,False,62,2027500,2025-06-04,2026-06-09,B,True,,False,True,400,,
VND-0138,MSP Partner 138,MSP,Employee,2026-08-08,2027-07-09,False,72,2065000,2025-06-03,2027-05-05,A-,True,,False,True,400,,
VND-0139,Integration Partner 139,Integration,ReadOnly,2027-07-10,2027-07-10,True,67,2102500,2025-06-02,2027-05-06,B,True,Incident disclosed in last 12 months,False,True,400,,
VND-0140,Security Partner 140,Security,Database,2027-07-11,2027-07-11,False,58,2140000,2025-06-01,2026-06-06,B,True,,False,True,400,,
VND-0141,Contractor Partner 141,Contractor,Employee,2026-08-11,2027-07-12,False,68,2177500,2025-05-31,2027-05-08,A-,True,,False,True,400,,
VND-0142,Backup Partner 142,Backup,ReadOnly,2027-07-13,2027-07-13,True,63,2215000,2025-05-30,2027-05-09,B,True,Incident disclosed in last 12 months,False,True,400,,
VND-0143,HR Partner 143,HR,Database,2027-07-14,2027-07-14,False,61,2252500,2025-05-29,2026-06-03,B,False,,False,True,400,,
VND-0144,Cloud Partner 144,Cloud,Employee,2026-08-14,2027-07-15,False,71,2290000,2025-05-28,2027-05-11,A-,True,,False,True,400,,
VND-0145,Payment Partner 145,Payment,ReadOnly,2027-07-16,2027-07-16,True,66,2327500,2025-05-27,2027-05-12,B,True,Incident disclosed in last 12 months,False,True,400,,
VND-0146,MSP Partner 146,MSP,Database,2027-07-17,2027-07-17,False,64,2365000,2025-05-26,2026-05-31,B,True,,False,True,400,,
VND-0147,Integration Partner 147,Integration,Employee,2026-08-17,2027-07-18,False,67,2402500,2025-05-25,2027-05-14,A-,True,,False,True,400,,
VND-0148,Security Partner 148,Security,ReadOnly,2027-07-19,2027-07-19,True,62,2440000,2025-05-24,2027-05-15,B,True,Incident disclosed in last 12 months,False,True,400,,
VND-0149,Contractor Partner 149,Contractor,Database,2027-07-20,2027-07-20,False,60,2477500,2025-05-23,2026-05-28,B,True,,False,True,400,,
VND-0150,Backup Partner 150,Backup,Employee,2026-07-21,2027-07-21,False,70,2515000,2025-05-22,2027-05-17,A-,True,,False,True,400,,
VND-0151,HR Partner 151,HR,ReadOnly,2027-07-22,2027-07-22,True,65,2552500,2025-05-21,2027-05-18,B,True,Incident disclosed in last 12 months,False,True,400,,
VND-0152,Cloud Partner 152,Cloud,Database,2027-07-23,2027-07-23,False,63,2590000,2025-05-20,2026-05-25,B,True,,False,True,400,,
VND-0153,Payment Partner 153,Payment,Employee,2026-07-24,2027-07-24,False,73,2627500,2025-05-19,2027-05-20,A-,True,,False,True,400,,
VND-0154,MSP Partner 154,MSP,ReadOnly,2027-07-25,2027-07-25,True,61,2665000,2025-05-18,2027-05-21,B,False,Incident disclosed in last 12 months,False,True,400,,
VND-0155,Integration Partner 155,Integration,Database,2027-07-26,2027-07-26,False,59,2702500,2025-05-17,2026-05-22,B,True,,False,True,400,,
VND-0156,Security Partner 156,Security,Employee,2026-07-27,2027-07-27,False,69,2740000,2025-05-16,2027-05-23,A-,True,,False,True,400,,
VND-0157,Contractor Partner 157,Contractor,ReadOnly,2027-07-28,2027-07-28,True,64,2777500,2025-05-15,2027-05-24,B,True,Incident disclosed in last 12 months,False,True,400,,
VND-0158,Backup Partner 158,Backup,Database,2027-07-29,2027-07-29,False,62,2815000,2025-05-14,2026-05-19,B,True,,False,True,400,,
VND-0159,HR Partner 159,HR,Employee,2026-07-30,2027-07-30,False,72,2852500,2025-05-13,2027-05-26,A-,True,,False,True,400,,
VND-0160,Cloud Partner 160,Cloud,ReadOnly,2027-07-31,2027-07-31,True,67,2890000,2025-05-12,2027-05-27,B,True,Incident disclosed in last 12 months,False,True,400,,
VND-0161,Payment Partner 161,Payment,Database,2027-08-01,2027-08-01,False,58,2927500,2025-05-11,2026-05-16,B,True,,False,True,400,,
VND-0162,MSP Partner 162,MSP,Employee,2026-08-02,2027-08-02,False,68,2965000,2025-05-10,2027-05-29,A-,True,,False,True,400,,
VND-0163,Integration Partner 163,Integration,ReadOnly,2027-08-03,2027-08-03,True,63,3002500,2025-05-09,2027-05-30,B,True,Incident disclosed in last 12 months,False,True,400,,
VND-0164,Security Partner 164,Security,Database,2027-08-04,2027-08-04,False,61,3040000,2025-05-08,2026-05-13,B,True,,False,True,400,,
VND-0165,Contractor Partner 165,Contractor,Employee,2026-08-05,2027-08-05,False,71,3077500,2025-05-07,2027-06-01,A-,False,,False,True,400,,
VND-0166,Backup Partner 166,Backup,ReadOnly,2027-08-06,2027-08-06,True,66,3115000,2025-05-06,2027-06-02,B,True,Incident disclosed in last 12 months,False,True,400,,
VND-0167,HR Partner 167,HR,Database,2027-08-07,2027-08-07,False,64,3152500,2025-05-05,2026-05-10,B,True,,False,True,400,,
VND-0168,Cloud Partner 168,Cloud,Employee,2026-08-08,2027-08-08,False,67,3190000,2025-05-04,2027-06-04,A-,True,,False,True,400,,
VND-0169,Payment Partner 169,Payment,ReadOnly,2027-08-09,2027-08-09,True,62,3227500,2025-05-03,2027-06-05,B,True,Incident disclosed in last 12 months,False,True,400,,
VND-0170,MSP Partner 170,MSP,Database,2027-08-10,2027-08-10,False,60,3265000,2025-05-02,2026-05-07,B,True,,False,True,400,,
VND-0171,Integration Partner 171,Integration,Employee,2026-08-11,2027-08-11,False,70,102500,2025-05-01,2027-06-07,A-,True,,False,True,400,,
VND-0172,Security Partner 172,Security,ReadOnly,2027-08-12,2027-08-12,True,65,140000,2025-04-30,2027-06-08,B,True,Incident disclosed in last 12 months,False,True,400,,
VND-0173,Contractor Partner 173,Contractor,Database,2027-08-13,2027-08-13,False,63,177500,2025-04-29,2026-05-04,B,True,,False,True,400,,
VND-0174,Backup Partner 174,Backup,Employee,2026-08-14,2027-08-14,False,73,215000,2025-04-28,2027-06-10,A-,True,,False,True,400,,
VND-0175,HR Partner 175,HR,ReadOnly,2027-08-15,2027-08-15,True,61,252500,2025-04-27,2027-06-11,B,True,Incident disclosed in last 12 months,False,True,400,,
VND-0176,Cloud Partner 176,Cloud,Database,2027-08-16,2027-08-16,False,59,290000,2025-04-26,2026-05-01,B,False,,False,True,400,,
VND-0177,Payment Partner 177,Payment,Employee,2026-08-17,2027-08-17,False,69,327500,2025-04-25,2027-06-13,A-,True,,False,True,400,,
VND-0178,MSP Partner 178,MSP,ReadOnly,2027-08-18,2027-08-18,True,64,365000,2025-04-24,2027-06-14,B,True,Incident disclosed in last 12 months,False,True,400,,
VND-0179,Integration Partner 179,Integration,Database,2027-08-19,2027-08-19,False,62,402500,2025-04-23,2026-04-28,B,True,,False,True,400,,
VND-0180,Security Partner 180,Security,Employee,2026-07-21,2027-08-20,False,72,440000,2025-04-22,2027-06-16,A-,True,,False,True,400,,
VND-0181,Contractor Partner 181,Contractor,ReadOnly,2027-08-21,2027-08-21,True,67,477500,2025-04-21,2027-06-17,B,True,Incident disclosed in last 12 months,False,True,400,,
VND-0182,Backup Partner 182,Backup,Database,2027-08-22,2027-08-22,False,58,515000,2025-04-20,2026-06-09,B,True,,False,True,400,,
VND-0183,HR Partner 183,HR,Employee,2026-07-24,2027-08-23,False,68,552500,2025-04-19,2027-06-19,A-,True,,False,True,400,,
VND-0184,Cloud Partner 184,Cloud,ReadOnly,2027-08-24,2027-08-24,True,63,590000,2025-04-18,2027-06-20,B,True,Incident disclosed in last 12 months,False,True,400,,
VND-0185,Payment Partner 185,Payment,Database,2027-08-25,2027-08-25,False,61,627500,2025-04-17,2026-06-06,B,True,,False,True,400,,
VND-0186,MSP Partner 186,MSP,Employee,2026-07-27,2027-08-26,False,71,665000,2025-04-16,2027-06-22,A-,True,,False,True,400,,
VND-0187,Integration Partner 187,Integration,ReadOnly,2027-08-27,2027-08-27,True,66,702500,2025-04-15,2027-06-23,B,False,Incident disclosed in last 12 months,False,True,400,,
VND-0188,Security Partner 188,Security,Database,2027-08-28,2027-08-28,False,64,740000,2025-04-14,2026-06-03,B,True,,False,True,400,,
VND-0189,Contractor Partner 189,Contractor,Employee,2026-07-30,2027-08-29,False,67,777500,2025-04-13,2027-06-25,A-,True,,False,True,400,,
VND-0190,Backup Partner 190,Backup,ReadOnly,2027-08-30,2027-08-30,True,62,815000,2025-04-12,2027-06-26,B,True,Incident disclosed in last 12 months,False,True,400,,
VND-0191,HR Partner 191,HR,Database,2027-08-31,2027-08-31,False,60,852500,2025-04-11,2026-05-31,B,True,,False,True,400,,
VND-0192,Cloud Partner 192,Cloud,Employee,2026-08-02,2027-09-01,False,70,890000,2025-04-10,2027-06-28,A-,True,,False,True,400,,
VND-0193,Payment Partner 193,Payment,ReadOnly,2027-09-02,2027-09-02,True,65,927500,2025-04-09,2027-06-29,B,True,Incident disclosed in last 12 months,False,True,400,,
VND-0194,MSP Partner 194,MSP,Database,2027-09-03,2027-09-03,False,63,965000,2025-04-08,2026-05-28,B,True,,False,True,400,,
VND-0195,Integration Partner 195,Integration,Employee,2026-08-05,2027-09-04,False,73,1002500,2025-04-07,2027-07-01,A-,True,,False,True,400,,
VND-0196,Security Partner 196,Security,ReadOnly,2027-09-05,2027-09-05,True,61,1040000,2025-04-06,2027-07-02,B,True,Incident disclosed in last 12 months,False,True,400,,
VND-0197,Contractor Partner 197,Contractor,Database,2027-09-06,2027-09-06,False,59,1077500,2025-04-05,2026-05-25,B,True,,False,True,400,,
VND-0198,Backup Partner 198,Backup,Employee,2026-08-08,2027-09-07,False,69,1115000,2025-04-04,2027-07-04,A-,False,,False,True,400,,
VND-0199,HR Partner 199,HR,ReadOnly,2027-09-08,2027-09-08,True,64,1152500,2025-04-03,2027-07-05,B,True,Incident disclosed in last 12 months,False,True,400,,
VND-0200,Cloud Partner 200,Cloud,Database,2027-09-09,2027-09-09,False,62,1190000,2025-04-02,2026-05-22,B,True,,False,True,400,,
VND-0201,Payment Partner 201,Payment,Employee,2026-08-11,2027-09-10,False,72,1227500,2025-04-01,2026-12-19,A-,True,,False,True,400,,
VND-0202,MSP Partner 202,MSP,ReadOnly,2027-09-11,2027-09-11,True,67,1265000,2025-03-31,2026-12-20,B,True,Incident disclosed in last 12 months,False,True,400,,
VND-0203,Integration Partner 203,Integration,Database,2027-09-12,2027-09-12,False,58,1302500,2025-03-30,2026-05-19,B,True,,False,True,400,,
VND-0204,Security Partner 204,Security,Employee,2026-08-14,2027-09-13,False,68,1340000,2025-03-29,2026-12-22,A-,True,,False,True,400,,
VND-0205,Contractor Partner 205,Contractor,ReadOnly,2027-09-14,2027-09-14,True,63,1377500,2025-03-28,2026-12-23,B,True,Incident disclosed in last 12 months,False,True,400,,
VND-0206,Backup Partner 206,Backup,Database,2027-09-15,2027-09-15,False,61,1415000,2025-03-27,2026-05-16,B,True,,False,True,400,,
VND-0207,HR Partner 207,HR,Employee,2026-08-17,2027-09-16,False,71,1452500,2025-03-26,2026-12-25,A-,True,,False,True,400,,
VND-0208,Cloud Partner 208,Cloud,ReadOnly,2027-09-17,2027-09-17,True,66,1490000,2025-03-25,2026-12-26,B,True,Incident disclosed in last 12 months,False,True,400,,
VND-0209,Payment Partner 209,Payment,Database,2027-09-18,2027-09-18,False,64,1527500,2025-03-24,2026-05-13,B,False,,False,True,400,,
VND-0210,MSP Partner 210,MSP,Employee,2026-07-21,2027-09-19,False,67,1565000,2025-03-23,2026-12-28,A-,True,,False,True,400,,
VND-0211,Integration Partner 211,Integration,ReadOnly,2027-09-20,2027-09-20,True,62,1602500,2025-03-22,2026-12-29,B,True,Incident disclosed in last 12 months,False,True,400,,
VND-0212,Security Partner 212,Security,Database,2027-09-21,2027-09-21,False,60,1640000,2025-03-21,2026-05-10,B,True,,False,True,400,,
VND-0213,Contractor Partner 213,Contractor,Employee,2026-07-24,2027-09-22,False,70,1677500,2025-03-20,2026-12-31,A-,True,,False,True,400,,
VND-0214,Backup Partner 214,Backup,ReadOnly,2027-09-23,2027-09-23,True,65,1715000,2025-03-19,2027-01-01,B,True,Incident disclosed in last 12 months,False,True,400,,
VND-0215,HR Partner 215,HR,Database,2027-09-24,2027-09-24,False,63,1752500,2025-03-18,2026-05-07,B,True,,False,True,400,,
VND-0216,Cloud Partner 216,Cloud,Employee,2026-07-27,2027-09-25,False,73,1790000,2025-03-17,2027-01-03,A-,True,,False,True,400,,
VND-0217,Payment Partner 217,Payment,ReadOnly,2027-09-26,2027-09-26,True,61,1827500,2025-03-16,2027-01-04,B,True,Incident disclosed in last 12 months,False,True,400,,
VND-0218,MSP Partner 218,MSP,Database,2027-09-27,2027-09-27,False,59,1865000,2025-03-15,2026-05-04,B,True,,False,True,400,,
VND-0219,Integration Partner 219,Integration,Employee,2026-07-30,2027-09-28,False,69,1902500,2025-03-14,2027-01-06,A-,True,,False,True,400,,
VND-0220,Security Partner 220,Security,ReadOnly,2027-09-29,2027-09-29,True,64,1940000,2025-03-13,2027-01-07,B,False,Incident disclosed in last 12 months,False,True,400,,
VND-0221,Contractor Partner 221,Contractor,Database,2027-09-30,2027-09-30,False,62,1977500,2025-03-12,2026-05-01,B,True,,False,True,400,,
VND-0222,Backup Partner 222,Backup,Employee,2026-08-02,2027-10-01,False,72,2015000,2025-03-11,2027-01-09,A-,True,,False,True,400,,
VND-0223,HR Partner 223,HR,ReadOnly,2027-10-02,2027-10-02,True,67,2052500,2025-03-10,2027-01-10,B,True,Incident disclosed in last 12 months,False,True,400,,
VND-0224,Cloud Partner 224,Cloud,Database,2027-10-03,2027-10-03,False,58,2090000,2025-03-09,2026-04-28,B,True,,False,True,400,,
VND-0225,Payment Partner 225,Payment,Employee,2026-08-05,2027-10-04,False,68,2127500,2025-03-08,2027-01-12,A-,True,,False,True,400,,
VND-0226,MSP Partner 226,MSP,ReadOnly,2027-10-05,2027-10-05,True,63,2165000,2025-03-07,2027-01-13,B,True,Incident disclosed in last 12 months,False,True,400,,
VND-0227,Integration Partner 227,Integration,Database,2027-10-06,2027-10-06,False,61,2202500,2025-03-06,2026-06-09,B,True,,False,True,400,,
VND-0228,Security Partner 228,Security,Employee,2026-08-08,2027-10-07,False,71,2240000,2025-03-05,2027-01-15,A-,True,,False,True,400,,
VND-0229,Contractor Partner 229,Contractor,ReadOnly,2027-10-08,2027-10-08,True,66,2277500,2025-03-04,2027-01-16,B,True,Incident disclosed in last 12 months,False,True,400,,
VND-0230,Backup Partner 230,Backup,Database,2027-10-09,2027-10-09,False,64,2315000,2025-03-03,2026-06-06,B,True,,False,True,400,,
VND-0231,HR Partner 231,HR,Employee,2026-08-11,2027-10-10,False,67,2352500,2025-03-02,2027-01-18,A-,False,,False,True,400,,
VND-0232,Cloud Partner 232,Cloud,ReadOnly,2027-10-11,2027-10-11,True,62,2390000,2025-03-01,2027-01-19,B,True,Incident disclosed in last 12 months,False,True,400,,
VND-0233,Payment Partner 233,Payment,Database,2027-10-12,2027-10-12,False,60,2427500,2025-02-28,2026-06-03,B,True,,False,True,400,,
VND-0234,MSP Partner 234,MSP,Employee,2026-08-14,2027-10-13,False,70,2465000,2025-02-27,2027-01-21,A-,True,,False,True,400,,
VND-0235,Integration Partner 235,Integration,ReadOnly,2027-10-14,2027-10-14,True,65,2502500,2025-02-26,2027-01-22,B,True,Incident disclosed in last 12 months,False,True,400,,
VND-0236,Security Partner 236,Security,Database,2027-10-15,2027-10-15,False,63,2540000,2025-02-25,2026-05-31,B,True,,False,True,400,,
VND-0237,Contractor Partner 237,Contractor,Employee,2026-08-17,2027-10-16,False,73,2577500,2025-02-24,2027-01-24,A-,True,,False,True,400,,
VND-0238,Backup Partner 238,Backup,ReadOnly,2027-10-17,2027-10-17,True,61,2615000,2025-02-23,2027-01-25,B,True,Incident disclosed in last 12 months,False,True,400,,
VND-0239,HR Partner 239,HR,Database,2027-10-18,2027-10-18,False,59,2652500,2025-02-22,2026-05-28,B,True,,False,True,400,,
VND-0240,Cloud Partner 240,Cloud,Employee,2026-07-21,2027-06-21,False,69,2690000,2025-06-21,2027-01-27,A-,True,,False,True,400,,
VND-0241,Payment Partner 241,Payment,ReadOnly,2027-06-22,2027-06-22,True,64,2727500,2025-06-20,2027-01-28,B,True,Incident disclosed in last 12 months,False,True,400,,
VND-0242,MSP Partner 242,MSP,Database,2027-06-23,2027-06-23,False,62,2765000,2025-06-19,2026-05-25,B,False,,False,True,400,,
VND-0243,Integration Partner 243,Integration,Employee,2026-07-24,2027-06-24,False,72,2802500,2025-06-18,2027-01-30,A-,True,,False,True,400,,
VND-0244,Security Partner 244,Security,ReadOnly,2027-06-25,2027-06-25,True,67,2840000,2025-06-17,2027-01-31,B,True,Incident disclosed in last 12 months,False,True,400,,
VND-0245,Contractor Partner 245,Contractor,Database,2027-06-26,2027-06-26,False,58,2877500,2025-06-16,2026-05-22,B,True,,False,True,400,,
VND-0246,Backup Partner 246,Backup,Employee,2026-07-27,2027-06-27,False,68,2915000,2025-06-15,2027-02-02,A-,True,,False,True,400,,
VND-0247,HR Partner 247,HR,ReadOnly,2027-06-28,2027-06-28,True,63,2952500,2025-06-14,2027-02-03,B,True,Incident disclosed in last 12 months,False,True,400,,
VND-0248,Cloud Partner 248,Cloud,Database,2027-06-29,2027-06-29,False,61,2990000,2025-06-13,2026-05-19,B,True,,False,True,400,,
VND-0249,Payment Partner 249,Payment,Employee,2026-07-30,2027-06-30,False,71,3027500,2025-06-12,2027-02-05,A-,True,,False,True,400,,
VND-0250,MSP Partner 250,MSP,ReadOnly,2027-07-01,2027-07-01,True,66,3065000,2025-06-11,2027-02-06,B,True,Incident disclosed in last 12 months,False,True,400,,
VND-0251,Integration Partner 251,Integration,Database,2027-07-02,2027-07-02,False,64,3102500,2025-06-10,2026-05-16,B,True,,False,True,400,,
VND-0252,Security Partner 252,Security,Employee,2026-08-02,2027-07-03,False,67,3140000,2025-06-09,2027-02-08,A-,True,,False,True,400,,
VND-0253,Contractor Partner 253,Contractor,ReadOnly,2027-07-04,2027-07-04,True,62,3177500,2025-06-08,2027-02-09,B,False,Incident disclosed in last 12 months,False,True,400,,
VND-0254,Backup Partner 254,Backup,Database,2027-07-05,2027-07-05,False,60,3215000,2025-06-07,2026-05-13,B,True,,False,True,400,,
VND-0255,HR Partner 255,HR,Employee,2026-08-05,2027-07-06,False,70,3252500,2025-06-06,2027-02-11,A-,True,,False,True,400,,
VND-0256,Cloud Partner 256,Cloud,ReadOnly,2027-07-07,2027-07-07,True,65,90000,2025-06-05,2027-02-12,B,True,Incident disclosed in last 12 months,False,True,400,,
VND-0257,Payment Partner 257,Payment,Database,2027-07-08,2027-07-08,False,63,127500,2025-06-04,2026-05-10,B,True,,False,True,400,,
VND-0258,MSP Partner 258,MSP,Employee,2026-08-08,2027-07-09,False,73,165000,2025-06-03,2027-02-14,A-,True,,False,True,400,,
VND-0259,Integration Partner 259,Integration,ReadOnly,2027-07-10,2027-07-10,True,61,202500,2025-06-02,2027-02-15,B,True,Incident disclosed in last 12 months,False,True,400,,
VND-0260,Security Partner 260,Security,Database,2027-07-11,2027-07-11,False,59,240000,2025-06-01,2026-05-07,B,True,,False,True,400,,
VND-0261,Contractor Partner 261,Contractor,Employee,2026-08-11,2027-07-12,False,69,277500,2025-05-31,2027-02-17,A-,True,,False,True,400,,
VND-0262,Backup Partner 262,Backup,ReadOnly,2027-07-13,2027-07-13,True,64,315000,2025-05-30,2027-02-18,B,True,Incident disclosed in last 12 months,False,True,400,,
VND-0263,HR Partner 263,HR,Database,2027-07-14,2027-07-14,False,62,352500,2025-05-29,2026-05-04,B,True,,False,True,400,,
VND-0264,Cloud Partner 264,Cloud,Employee,2026-08-14,2027-07-15,False,72,390000,2025-05-28,2027-02-20,A-,False,,False,True,400,,
VND-0265,Payment Partner 265,Payment,ReadOnly,2027-07-16,2027-07-16,True,67,427500,2025-05-27,2027-02-21,B,True,Incident disclosed in last 12 months,False,True,400,,
VND-0266,MSP Partner 266,MSP,Database,2027-07-17,2027-07-17,False,58,465000,2025-05-26,2026-05-01,B,True,,False,True,400,,
VND-0267,Integration Partner 267,Integration,Employee,2026-08-17,2027-07-18,False,68,502500,2025-05-25,2027-02-23,A-,True,,False,True,400,,
VND-0268,Security Partner 268,Security,ReadOnly,2027-07-19,2027-07-19,True,63,540000,2025-05-24,2027-02-24,B,True,Incident disclosed in last 12 months,False,True,400,,
VND-0269,Contractor Partner 269,Contractor,Database,2027-07-20,2027-07-20,False,61,577500,2025-05-23,2026-04-28,B,True,,False,True,400,,
VND-0270,Backup Partner 270,Backup,Employee,2026-07-21,2027-07-21,False,71,615000,2025-05-22,2027-02-26,A-,True,,False,True,400,,
VND-0271,HR Partner 271,HR,ReadOnly,2027-07-22,2027-07-22,True,66,652500,2025-05-21,2027-02-27,B,True,Incident disclosed in last 12 months,False,True,400,,
VND-0272,Cloud Partner 272,Cloud,Database,2027-07-23,2027-07-23,False,64,690000,2025-05-20,2026-06-09,B,True,,False,True,400,,
VND-0273,Payment Partner 273,Payment,Employee,2026-07-24,2027-07-24,False,67,727500,2025-05-19,2027-03-01,A-,True,,False,True,400,,
VND-0274,MSP Partner 274,MSP,ReadOnly,2027-07-25,2027-07-25,True,62,765000,2025-05-18,2027-03-02,B,True,Incident disclosed in last 12 months,False,True,400,,
VND-0275,Integration Partner 275,Integration,Database,2027-07-26,2027-07-26,False,60,802500,2025-05-17,2026-06-06,B,False,,False,True,400,,
VND-0276,Security Partner 276,Security,Employee,2026-07-27,2027-07-27,False,70,840000,2025-05-16,2027-03-04,A-,True,,False,True,400,,
VND-0277,Contractor Partner 277,Contractor,ReadOnly,2027-07-28,2027-07-28,True,65,877500,2025-05-15,2027-03-05,B,True,Incident disclosed in last 12 months,False,True,400,,
VND-0278,Backup Partner 278,Backup,Database,2027-07-29,2027-07-29,False,63,915000,2025-05-14,2026-06-03,B,True,,False,True,400,,
VND-0279,HR Partner 279,HR,Employee,2026-07-30,2027-07-30,False,73,952500,2025-05-13,2027-03-07,A-,True,,False,True,400,,
VND-0280,Cloud Partner 280,Cloud,ReadOnly,2027-07-31,2027-07-31,True,61,990000,2025-05-12,2027-03-08,B,True,Incident disclosed in last 12 months,False,True,400,,
VND-0281,Payment Partner 281,Payment,Database,2027-08-01,2027-08-01,False,59,1027500,2025-05-11,2026-05-31,B,True,,False,True,400,,
VND-0282,MSP Partner 282,MSP,Employee,2026-08-02,2027-08-02,False,69,1065000,2025-05-10,2027-03-10,A-,True,,False,True,400,,
VND-0283,Integration Partner 283,Integration,ReadOnly,2027-08-03,2027-08-03,True,64,1102500,2025-05-09,2027-03-11,B,True,Incident disclosed in last 12 months,False,True,400,,
VND-0284,Security Partner 284,Security,Database,2027-08-04,2027-08-04,False,62,1140000,2025-05-08,2026-05-28,B,True,,False,True,400,,
VND-0285,Contractor Partner 285,Contractor,Employee,2026-08-05,2027-08-05,False,72,1177500,2025-05-07,2027-03-13,A-,True,,False,True,400,,
VND-0286,Backup Partner 286,Backup,ReadOnly,2027-08-06,2027-08-06,True,67,1215000,2025-05-06,2027-03-14,B,False,Incident disclosed in last 12 months,False,True,400,,
VND-0287,HR Partner 287,HR,Database,2027-08-07,2027-08-07,False,58,1252500,2025-05-05,2026-05-25,B,True,,False,True,400,,
VND-0288,Cloud Partner 288,Cloud,Employee,2026-08-08,2027-08-08,False,68,1290000,2025-05-04,2027-03-16,A-,True,,False,True,400,,
VND-0289,Payment Partner 289,Payment,ReadOnly,2027-08-09,2027-08-09,True,63,1327500,2025-05-03,2027-03-17,B,True,Incident disclosed in last 12 months,False,True,400,,
VND-0290,MSP Partner 290,MSP,Database,2027-08-10,2027-08-10,False,61,1365000,2025-05-02,2026-05-22,B,True,,False,True,400,,
VND-0291,Integration Partner 291,Integration,Employee,2026-08-11,2027-08-11,False,71,1402500,2025-05-01,2027-03-19,A-,True,,False,True,400,,
VND-0292,Security Partner 292,Security,ReadOnly,2027-08-12,2027-08-12,True,66,1440000,2025-04-30,2027-03-20,B,True,Incident disclosed in last 12 months,False,True,400,,
VND-0293,Contractor Partner 293,Contractor,Database,2027-08-13,2027-08-13,False,64,1477500,2025-04-29,2026-05-19,B,True,,False,True,400,,
VND-0294,Backup Partner 294,Backup,Employee,2026-08-14,2027-08-14,False,67,1515000,2025-04-28,2027-03-22,A-,True,,False,True,400,,
VND-0295,HR Partner 295,HR,ReadOnly,2027-08-15,2027-08-15,True,62,1552500,2025-04-27,2027-03-23,B,True,Incident disclosed in last 12 months,False,True,400,,
VND-0296,Cloud Partner 296,Cloud,Database,2027-08-16,2027-08-16,False,60,1590000,2025-04-26,2026-05-16,B,True,,False,True,400,,
VND-0297,Payment Partner 297,Payment,Employee,2026-08-17,2027-08-17,False,70,1627500,2025-04-25,2027-03-25,A-,False,,False,True,400,,
VND-0298,MSP Partner 298,MSP,ReadOnly,2027-08-18,2027-08-18,True,65,1665000,2025-04-24,2027-03-26,B,True,Incident disclosed in last 12 months,False,True,400,,
VND-0299,Integration Partner 299,Integration,Database,2027-08-19,2027-08-19,False,63,1702500,2025-04-23,2026-05-13,B,True,,False,True,400,,
VND-0300,Security Partner 300,Security,Employee,2026-07-21,2027-08-20,False,73,1740000,2025-04-22,2027-03-28,A-,True,,False,True,400,,
VND-0301,Contractor Partner 301,Contractor,ReadOnly,2027-08-21,2027-08-21,True,61,1777500,2025-04-21,2027-03-29,B,True,Incident disclosed in last 12 months,False,True,400,,
VND-0302,Backup Partner 302,Backup,Database,2027-08-22,2027-08-22,False,59,1815000,2025-04-20,2026-05-10,B,True,,False,True,400,,
VND-0303,HR Partner 303,HR,Employee,2026-07-24,2027-08-23,False,69,1852500,2025-04-19,2027-03-31,A-,True,,False,True,400,,
VND-0304,Cloud Partner 304,Cloud,ReadOnly,2027-08-24,2027-08-24,True,64,1890000,2025-04-18,2027-04-01,B,True,Incident disclosed in last 12 months,False,True,400,,
VND-0305,Payment Partner 305,Payment,Database,2027-08-25,2027-08-25,False,62,1927500,2025-04-17,2026-05-07,B,True,,False,True,400,,
VND-0306,MSP Partner 306,MSP,Employee,2026-07-27,2027-08-26,False,72,1965000,2025-04-16,2027-04-03,A-,True,,False,True,400,,
VND-0307,Integration Partner 307,Integration,ReadOnly,2027-08-27,2027-08-27,True,67,2002500,2025-04-15,2027-04-04,B,True,Incident disclosed in last 12 months,False,True,400,,
VND-0308,Security Partner 308,Security,Database,2027-08-28,2027-08-28,False,58,2040000,2025-04-14,2026-05-04,B,False,,False,True,400,,
VND-0309,Contractor Partner 309,Contractor,Employee,2026-07-30,2027-08-29,False,68,2077500,2025-04-13,2027-04-06,A-,True,,False,True,400,,
VND-0310,Backup Partner 310,Backup,ReadOnly,2027-08-30,2027-08-30,True,63,2115000,2025-04-12,2027-04-07,B,True,Incident disclosed in last 12 months,False,True,400,,
VND-0311,HR Partner 311,HR,Database,2027-08-31,2027-08-31,False,61,2152500,2025-04-11,2026-05-01,B,True,,False,True,400,,
VND-0312,Cloud Partner 312,Cloud,Employee,2026-08-02,2027-09-01,False,71,2190000,2025-04-10,2027-04-09,A-,True,,False,True,400,,
VND-0313,Payment Partner 313,Payment,ReadOnly,2027-09-02,2027-09-02,True,66,2227500,2025-04-09,2027-04-10,B,True,Incident disclosed in last 12 months,False,True,400,,
VND-0314,MSP Partner 314,MSP,Database,2027-09-03,2027-09-03,False,64,2265000,2025-04-08,2026-04-28,B,True,,False,True,400,,
VND-0315,Integration Partner 315,Integration,Employee,2026-08-05,2027-09-04,False,67,2302500,2025-04-07,2027-04-12,A-,True,,False,True,400,,
VND-0316,Security Partner 316,Security,ReadOnly,2027-09-05,2027-09-05,True,62,2340000,2025-04-06,2027-04-13,B,True,Incident disclosed in last 12 months,False,True,400,,
VND-0317,Contractor Partner 317,Contractor,Database,2027-09-06,2027-09-06,False,60,2377500,2025-04-05,2026-06-09,B,True,,False,True,400,,
VND-0318,Backup Partner 318,Backup,Employee,2026-08-08,2027-09-07,False,70,2415000,2025-04-04,2027-04-15,A-,True,,False,True,400,,
VND-0319,HR Partner 319,HR,ReadOnly,2027-09-08,2027-09-08,True,65,2452500,2025-04-03,2027-04-16,B,False,Incident disclosed in last 12 months,False,True,400,,
VND-0320,Cloud Partner 320,Cloud,Database,2027-09-09,2027-09-09,False,63,2490000,2025-04-02,2026-06-06,B,True,,False,True,400,,
VND-0321,Payment Partner 321,Payment,ReadOnly,2027-09-10,2027-09-10,False,37,2527500,2025-04-01,2027-04-18,A,True,,False,True,400,,
VND-0322,MSP Partner 322,MSP,Employee,2027-09-11,2027-09-11,False,32,2565000,2025-03-31,2027-04-19,A,True,,False,True,400,,
VND-0323,Integration Partner 323,Integration,Database,2027-09-12,2027-09-12,False,34,2602500,2025-03-30,2027-04-20,A,True,,False,True,400,,
VND-0324,Security Partner 324,Security,ReadOnly,2027-09-13,2027-09-13,False,36,2640000,2025-03-29,2027-04-21,A,True,,False,True,400,,
VND-0325,Contractor Partner 325,Contractor,Employee,2027-09-14,2027-09-14,False,38,2677500,2025-03-28,2027-04-22,A,True,,False,True,400,,
VND-0326,Backup Partner 326,Backup,Database,2027-09-15,2027-09-15,False,40,2715000,2025-03-27,2027-04-23,A,True,,False,True,400,,
VND-0327,HR Partner 327,HR,ReadOnly,2027-09-16,2027-09-16,False,42,2752500,2025-03-26,2027-04-24,A,True,,False,True,400,,
VND-0328,Cloud Partner 328,Cloud,Employee,2027-09-17,2027-09-17,False,44,2790000,2025-03-25,2027-04-25,A,True,,False,True,400,,
VND-0329,Payment Partner 329,Payment,Database,2027-09-18,2027-09-18,False,39,2827500,2025-03-24,2027-04-26,A,True,,False,True,400,,
VND-0330,MSP Partner 330,MSP,ReadOnly,2027-09-19,2027-09-19,False,41,2865000,2025-03-23,2027-04-27,A,False,,False,True,400,,
VND-0331,Integration Partner 331,Integration,Employee,2027-09-20,2027-09-20,False,43,2902500,2025-03-22,2027-04-28,A,True,,False,True,400,,
VND-0332,Security Partner 332,Security,Database,2027-09-21,2027-09-21,False,45,2940000,2025-03-21,2027-04-29,A,True,,False,True,400,,
VND-0333,Contractor Partner 333,Contractor,ReadOnly,2027-09-22,2027-09-22,False,47,2977500,2025-03-20,2027-04-30,A,True,,False,True,400,,
VND-0334,Backup Partner 334,Backup,Employee,2027-09-23,2027-09-23,False,49,3015000,2025-03-19,2027-05-01,A,True,,False,True,400,,
VND-0335,HR Partner 335,HR,Database,2027-09-24,2027-09-24,False,51,3052500,2025-03-18,2027-05-02,A,True,,False,True,400,,
VND-0336,Cloud Partner 336,Cloud,ReadOnly,2027-09-25,2027-09-25,False,18,3090000,2025-03-17,2027-05-03,A,True,,False,True,400,,
VND-0337,Payment Partner 337,Payment,Employee,2027-09-26,2027-09-26,False,20,3127500,2025-03-16,2027-05-04,A,True,,False,True,400,,
VND-0338,MSP Partner 338,MSP,Database,2027-09-27,2027-09-27,False,22,3165000,2025-03-15,2027-05-05,A,True,,False,True,400,,
VND-0339,Integration Partner 339,Integration,ReadOnly,2027-09-28,2027-09-28,False,24,3202500,2025-03-14,2027-05-06,A,True,,False,True,400,,
VND-0340,Security Partner 340,Security,Employee,2027-09-29,2027-09-29,False,26,3240000,2025-03-13,2027-05-07,A,True,,False,True,400,,
VND-0341,Contractor Partner 341,Contractor,Database,2027-09-30,2027-09-30,False,28,3277500,2025-03-12,2027-05-08,A,False,,False,True,400,,
VND-0342,Backup Partner 342,Backup,ReadOnly,2027-10-01,2027-10-01,False,30,115000,2025-03-11,2027-05-09,A,True,,False,True,400,,
VND-0343,HR Partner 343,HR,Employee,2027-10-02,2027-10-02,False,25,152500,2025-03-10,2027-05-10,A,True,,False,True,400,,
VND-0344,Cloud Partner 344,Cloud,Database,2027-10-03,2027-10-03,False,27,190000,2025-03-09,2027-05-11,A,True,,False,True,400,,
VND-0345,Payment Partner 345,Payment,ReadOnly,2027-10-04,2027-10-04,False,29,227500,2025-03-08,2027-05-12,A,True,,False,True,400,,
VND-0346,MSP Partner 346,MSP,Employee,2027-10-05,2027-10-05,False,31,265000,2025-03-07,2027-05-13,A,True,,False,True,400,,
VND-0347,Integration Partner 347,Integration,Database,2027-10-06,2027-10-06,False,33,302500,2025-03-06,2027-05-14,A,True,,False,True,400,,
VND-0348,Security Partner 348,Security,ReadOnly,2027-10-07,2027-10-07,False,35,340000,2025-03-05,2027-05-15,A,True,,False,True,400,,
VND-0349,Contractor Partner 349,Contractor,Employee,2027-10-08,2027-10-08,False,37,377500,2025-03-04,2027-05-16,A,True,,False,True,400,,
VND-0350,Backup Partner 350,Backup,Database,2027-10-09,2027-10-09,False,32,415000,2025-03-03,2027-05-17,A,True,,False,True,400,,
VND-0351,HR Partner 351,HR,ReadOnly,2027-10-10,2027-10-10,False,34,452500,2025-03-02,2027-05-18,A,True,,False,True,400,,
VND-0352,Cloud Partner 352,Cloud,Employee,2027-10-11,2027-10-11,False,36,490000,2025-03-01,2027-05-19,A,False,,False,True,400,,
VND-0353,Payment Partner 353,Payment,Database,2027-10-12,2027-10-12,False,38,527500,2025-02-28,2027-05-20,A,True,,False,True,400,,
VND-0354,MSP Partner 354,MSP,ReadOnly,2027-10-13,2027-10-13,False,40,565000,2025-02-27,2027-05-21,A,True,,False,True,400,,
VND-0355,Integration Partner 355,Integration,Employee,2027-10-14,2027-10-14,False,42,602500,2025-02-26,2027-05-22,A,True,,False,True,400,,
VND-0356,Security Partner 356,Security,Database,2027-10-15,2027-10-15,False,44,640000,2025-02-25,2027-05-23,A,True,,False,True,400,,
VND-0357,Contractor Partner 357,Contractor,ReadOnly,2027-10-16,2027-10-16,False,39,677500,2025-02-24,2027-05-24,A,True,,False,True,400,,
VND-0358,Backup Partner 358,Backup,Employee,2027-10-17,2027-10-17,False,41,715000,2025-02-23,2027-05-25,A,True,,False,True,400,,
VND-0359,HR Partner 359,HR,Database,2027-10-18,2027-10-18,False,43,752500,2025-02-22,2027-05-26,A,True,,False,True,400,,
VND-0360,Cloud Partner 360,Cloud,ReadOnly,2027-06-21,2027-06-21,False,45,790000,2025-06-21,2027-05-27,A,True,,False,True,400,,
VND-0361,Payment Partner 361,Payment,Employee,2027-06-22,2027-06-22,False,47,827500,2025-06-20,2027-05-28,A,True,,False,True,400,,
VND-0362,MSP Partner 362,MSP,Database,2027-06-23,2027-06-23,False,49,865000,2025-06-19,2027-05-29,A,True,,False,True,400,,
VND-0363,Integration Partner 363,Integration,ReadOnly,2027-06-24,2027-06-24,False,51,902500,2025-06-18,2027-05-30,A,False,,False,True,400,,
VND-0364,Security Partner 364,Security,Employee,2027-06-25,2027-06-25,False,18,940000,2025-06-17,2027-05-31,A,True,,False,True,400,,
VND-0365,Contractor Partner 365,Contractor,Database,2027-06-26,2027-06-26,False,20,977500,2025-06-16,2027-06-01,A,True,,False,True,400,,
VND-0366,Backup Partner 366,Backup,ReadOnly,2027-06-27,2027-06-27,False,22,1015000,2025-06-15,2027-06-02,A,True,,False,True,400,,
VND-0367,HR Partner 367,HR,Employee,2027-06-28,2027-06-28,False,24,1052500,2025-06-14,2027-06-03,A,True,,False,True,400,,
VND-0368,Cloud Partner 368,Cloud,Database,2027-06-29,2027-06-29,False,26,1090000,2025-06-13,2027-06-04,A,True,,False,True,400,,
VND-0369,Payment Partner 369,Payment,ReadOnly,2027-06-30,2027-06-30,False,28,1127500,2025-06-12,2027-06-05,A,True,,False,True,400,,
VND-0370,MSP Partner 370,MSP,Employee,2027-07-01,2027-07-01,False,30,1165000,2025-06-11,2027-06-06,A,True,,False,True,400,,
VND-0371,Integration Partner 371,Integration,Database,2027-07-02,2027-07-02,False,25,1202500,2025-06-10,2027-06-07,A,True,,False,True,400,,
VND-0372,Security Partner 372,Security,ReadOnly,2027-07-03,2027-07-03,False,27,1240000,2025-06-09,2027-06-08,A,True,,False,True,400,,
VND-0373,Contractor Partner 373,Contractor,Employee,2027-07-04,2027-07-04,False,29,1277500,2025-06-08,2027-06-09,A,True,,False,True,400,,
VND-0374,Backup Partner 374,Backup,Database,2027-07-05,2027-07-05,False,31,1315000,2025-06-07,2027-06-10,A,False,,False,True,400,,
VND-0375,HR Partner 375,HR,ReadOnly,2027-07-06,2027-07-06,False,33,1352500,2025-06-06,2027-06-11,A,True,,False,True,400,,
VND-0376,Cloud Partner 376,Cloud,Employee,2027-07-07,2027-07-07,False,35,1390000,2025-06-05,2027-06-12,A,True,,False,True,400,,
VND-0377,Payment Partner 377,Payment,Database,2027-07-08,2027-07-08,False,37,1427500,2025-06-04,2027-06-13,A,True,,False,True,400,,
VND-0378,MSP Partner 378,MSP,ReadOnly,2027-07-09,2027-07-09,False,32,1465000,2025-06-03,2027-06-14,A,True,,False,True,400,,
VND-0379,Integration Partner 379,Integration,Employee,2027-07-10,2027-07-10,False,34,1502500,2025-06-02,2027-06-15,A,True,,False,True,400,,
VND-0380,Security Partner 380,Security,Database,2027-07-11,2027-07-11,False,36,1540000,2025-06-01,2027-06-16,A,True,,False,True,400,,
VND-0381,Contractor Partner 381,Contractor,ReadOnly,2027-07-12,2027-07-12,False,38,1577500,2025-05-31,2027-06-17,A,True,,False,True,400,,
VND-0382,Backup Partner 382,Backup,Employee,2027-07-13,2027-07-13,False,40,1615000,2025-05-30,2027-06-18,A,True,,False,True,400,,
VND-0383,HR Partner 383,HR,Database,2027-07-14,2027-07-14,False,42,1652500,2025-05-29,2027-06-19,A,True,,False,True,400,,
VND-0384,Cloud Partner 384,Cloud,ReadOnly,2027-07-15,2027-07-15,False,44,1690000,2025-05-28,2027-06-20,A,True,,False,True,400,,
VND-0385,Payment Partner 385,Payment,Employee,2027-07-16,2027-07-16,False,39,1727500,2025-05-27,2027-06-21,A,False,,False,True,400,,
VND-0386,MSP Partner 386,MSP,Database,2027-07-17,2027-07-17,False,41,1765000,2025-05-26,2027-06-22,A,True,,False,True,400,,
VND-0387,Integration Partner 387,Integration,ReadOnly,2027-07-18,2027-07-18,False,43,1802500,2025-05-25,2027-06-23,A,True,,False,True,400,,
VND-0388,Security Partner 388,Security,Employee,2027-07-19,2027-07-19,False,45,1840000,2025-05-24,2027-06-24,A,True,,False,True,400,,
VND-0389,Contractor Partner 389,Contractor,Database,2027-07-20,2027-07-20,False,47,1877500,2025-05-23,2027-06-25,A,True,,False,True,400,,
VND-0390,Backup Partner 390,Backup,ReadOnly,2027-07-21,2027-07-21,False,49,1915000,2025-05-22,2027-06-26,A,True,,False,True,400,,
VND-0391,HR Partner 391,HR,Employee,2027-07-22,2027-07-22,False,51,1952500,2025-05-21,2027-06-27,A,True,,False,True,400,,
VND-0392,Cloud Partner 392,Cloud,Database,2027-07-23,2027-07-23,False,18,1990000,2025-05-20,2027-06-28,A,True,,False,True,400,,
VND-0393,Payment Partner 393,Payment,ReadOnly,2027-07-24,2027-07-24,False,20,2027500,2025-05-19,2027-06-29,A,True,,False,True,400,,
VND-0394,MSP Partner 394,MSP,Employee,2027-07-25,2027-07-25,False,22,2065000,2025-05-18,2027-06-30,A,True,,False,True,400,,
VND-0395,Integration Partner 395,Integration,Database,2027-07-26,2027-07-26,False,24,2102500,2025-05-17,2027-07-01,A,True,,False,True,400,,
VND-0396,Security Partner 396,Security,ReadOnly,2027-07-27,2027-07-27,False,26,2140000,2025-05-16,2027-07-02,A,False,,False,True,400,,
VND-0397,Contractor Partner 397,Contractor,Employee,2027-07-28,2027-07-28,False,28,2177500,2025-05-15,2027-07-03,A,True,,False,True,400,,
VND-0398,Backup Partner 398,Backup,Database,2027-07-29,2027-07-29,False,30,2215000,2025-05-14,2027-07-04,A,True,,False,True,400,,
VND-0399,HR Partner 399,HR,ReadOnly,2027-07-30,2027-07-30,False,25,2252500,2025-05-13,2027-07-05,A,True,,False,True,400,,
VND-0400,Cloud Partner 400,Cloud,Employee,2027-07-31,2027-07-31,False,27,2290000,2025-05-12,2026-12-18,A,True,,False,True,400,,
